{
  "Click on the [HOME] button" : {
    "transaction" : "Click on the [HOME] button",
    "sampleCount" : 100,
    "errorCount" : 0,
    "errorPct" : 0.0,
    "meanResTime" : 26.460000000000004,
    "medianResTime" : 27.0,
    "minResTime" : 15.0,
    "maxResTime" : 97.0,
    "pct1ResTime" : 28.0,
    "pct2ResTime" : 29.94999999999999,
    "pct3ResTime" : 96.34999999999967,
    "throughput" : 0.4429423776260946,
    "receivedKBytesPerSec" : 9.961324209458592,
    "sentKBytesPerSec" : 0.07747165999300151
  },
  "Go to the groups list" : {
    "transaction" : "Go to the groups list",
    "sampleCount" : 100,
    "errorCount" : 0,
    "errorPct" : 0.0,
    "meanResTime" : 27.46000000000001,
    "medianResTime" : 23.0,
    "minResTime" : 10.0,
    "maxResTime" : 558.0,
    "pct1ResTime" : 25.0,
    "pct2ResTime" : 26.0,
    "pct3ResTime" : 552.8099999999973,
    "throughput" : 0.4432840253735776,
    "receivedKBytesPerSec" : 3.2133676315112885,
    "sentKBytesPerSec" : 0.08142746598903315
  },
  "Click on the [ENTER] button" : {
    "transaction" : "Click on the [ENTER] button",
    "sampleCount" : 100,
    "errorCount" : 0,
    "errorPct" : 0.0,
    "meanResTime" : 143.55999999999995,
    "medianResTime" : 93.0,
    "minResTime" : 51.0,
    "maxResTime" : 1028.0,
    "pct1ResTime" : 291.5,
    "pct2ResTime" : 540.8999999999997,
    "pct3ResTime" : 1026.6699999999994,
    "throughput" : 0.4424857077116409,
    "receivedKBytesPerSec" : 2.2863677274708403,
    "sentKBytesPerSec" : 1.913508701481442
  },
  "Add contact to the group" : {
    "transaction" : "Add contact to the group",
    "sampleCount" : 100,
    "errorCount" : 0,
    "errorPct" : 0.0,
    "meanResTime" : 25.569999999999997,
    "medianResTime" : 24.0,
    "minResTime" : 11.0,
    "maxResTime" : 343.0,
    "pct1ResTime" : 26.0,
    "pct2ResTime" : 27.94999999999999,
    "pct3ResTime" : 339.8699999999984,
    "throughput" : 0.442940415655286,
    "receivedKBytesPerSec" : 2.740261262867419,
    "sentKBytesPerSec" : 0.444558186314027
  },
  "Home page" : {
    "transaction" : "Home page",
    "sampleCount" : 200,
    "errorCount" : 0,
    "errorPct" : 0.0,
    "meanResTime" : 27.769999999999992,
    "medianResTime" : 27.0,
    "minResTime" : 14.0,
    "maxResTime" : 241.0,
    "pct1ResTime" : 29.0,
    "pct2ResTime" : 29.0,
    "pct3ResTime" : 159.71000000000117,
    "throughput" : 0.854200745717251,
    "receivedKBytesPerSec" : 19.094089411327555,
    "sentKBytesPerSec" : 0.14940171245894499
  },
  "EDIT" : {
    "transaction" : "EDIT",
    "sampleCount" : 100,
    "errorCount" : 0,
    "errorPct" : 0.0,
    "meanResTime" : 31.47000000000001,
    "medianResTime" : 30.0,
    "minResTime" : 17.0,
    "maxResTime" : 245.0,
    "pct1ResTime" : 33.0,
    "pct2ResTime" : 34.0,
    "pct3ResTime" : 243.09999999999903,
    "throughput" : 0.4429482636428065,
    "receivedKBytesPerSec" : 7.598898581458186,
    "sentKBytesPerSec" : 0.08915198939138909
  },
  "choose the group and click on the button [Delete groups]" : {
    "transaction" : "choose the group and click on the button [Delete groups]",
    "sampleCount" : 100,
    "errorCount" : 0,
    "errorPct" : 0.0,
    "meanResTime" : 122.38,
    "medianResTime" : 77.5,
    "minResTime" : 42.0,
    "maxResTime" : 871.0,
    "pct1ResTime" : 243.2000000000001,
    "pct2ResTime" : 356.0,
    "pct3ResTime" : 869.5099999999993,
    "throughput" : 0.44318776092679424,
    "receivedKBytesPerSec" : 2.609787303113837,
    "sentKBytesPerSec" : 0.2972820402591762
  },
  "Go to the group page" : {
    "transaction" : "Go to the group page",
    "sampleCount" : 100,
    "errorCount" : 0,
    "errorPct" : 0.0,
    "meanResTime" : 21.47,
    "medianResTime" : 23.0,
    "minResTime" : 11.0,
    "maxResTime" : 26.0,
    "pct1ResTime" : 25.0,
    "pct2ResTime" : 25.0,
    "pct3ResTime" : 26.0,
    "throughput" : 0.44294630161985465,
    "receivedKBytesPerSec" : 3.209851035774558,
    "sentKBytesPerSec" : 0.08136542903778775
  },
  "Authorization" : {
    "transaction" : "Authorization",
    "sampleCount" : 100,
    "errorCount" : 0,
    "errorPct" : 0.0,
    "meanResTime" : 35.320000000000014,
    "medianResTime" : 27.0,
    "minResTime" : 15.0,
    "maxResTime" : 514.0,
    "pct1ResTime" : 30.0,
    "pct2ResTime" : 43.94999999999999,
    "pct3ResTime" : 512.6199999999993,
    "throughput" : 0.4424915815976601,
    "receivedKBytesPerSec" : 9.61519082587735,
    "sentKBytesPerSec" : 0.28482802841238447
  },
  "Click on the [NEXT] button" : {
    "transaction" : "Click on the [NEXT] button",
    "sampleCount" : 100,
    "errorCount" : 0,
    "errorPct" : 0.0,
    "meanResTime" : 24.88,
    "medianResTime" : 25.0,
    "minResTime" : 13.0,
    "maxResTime" : 37.0,
    "pct1ResTime" : 28.0,
    "pct2ResTime" : 28.94999999999999,
    "pct3ResTime" : 36.969999999999985,
    "throughput" : 0.44255228755277437,
    "receivedKBytesPerSec" : 6.747344928295466,
    "sentKBytesPerSec" : 0.29157453742222145
  },
  "Choose the contacts and click on the button [Delete]" : {
    "transaction" : "Choose the contacts and click on the button [Delete]",
    "sampleCount" : 100,
    "errorCount" : 0,
    "errorPct" : 0.0,
    "meanResTime" : 125.35,
    "medianResTime" : 83.0,
    "minResTime" : 23.0,
    "maxResTime" : 1231.0,
    "pct1ResTime" : 201.40000000000003,
    "pct2ResTime" : 318.0999999999989,
    "pct3ResTime" : 1225.299999999997,
    "throughput" : 0.4431209897550427,
    "receivedKBytesPerSec" : 2.607148213169999,
    "sentKBytesPerSec" : 0.08572487116257223
  },
  "logout" : {
    "transaction" : "logout",
    "sampleCount" : 100,
    "errorCount" : 0,
    "errorPct" : 0.0,
    "meanResTime" : 19.51,
    "medianResTime" : 21.0,
    "minResTime" : 8.0,
    "maxResTime" : 24.0,
    "pct1ResTime" : 23.0,
    "pct2ResTime" : 23.0,
    "pct3ResTime" : 24.0,
    "throughput" : 0.4433705025604647,
    "receivedKBytesPerSec" : 2.4281462679287946,
    "sentKBytesPerSec" : 0.2176195784100734
  },
  "Click on the [ADD GROUPS] button" : {
    "transaction" : "Click on the [ADD GROUPS] button",
    "sampleCount" : 100,
    "errorCount" : 0,
    "errorPct" : 0.0,
    "meanResTime" : 21.68,
    "medianResTime" : 23.0,
    "minResTime" : 10.0,
    "maxResTime" : 29.0,
    "pct1ResTime" : 25.0,
    "pct2ResTime" : 26.0,
    "pct3ResTime" : 28.989999999999995,
    "throughput" : 0.44285606734955074,
    "receivedKBytesPerSec" : 3.0034507137179096,
    "sentKBytesPerSec" : 0.22004843323059073
  },
  "[Update]" : {
    "transaction" : "[Update]",
    "sampleCount" : 100,
    "errorCount" : 0,
    "errorPct" : 0.0,
    "meanResTime" : 225.25000000000009,
    "medianResTime" : 138.5,
    "minResTime" : 24.0,
    "maxResTime" : 1267.0,
    "pct1ResTime" : 404.00000000000006,
    "pct2ResTime" : 867.0999999999996,
    "pct3ResTime" : 1265.309999999999,
    "throughput" : 0.4428188074003879,
    "receivedKBytesPerSec" : 2.1338850209896116,
    "sentKBytesPerSec" : 2.1220534559793824
  },
  "Debug Sampler" : {
    "transaction" : "Debug Sampler",
    "sampleCount" : 100,
    "errorCount" : 0,
    "errorPct" : 0.0,
    "meanResTime" : 0.09999999999999998,
    "medianResTime" : 0.0,
    "minResTime" : 0.0,
    "maxResTime" : 1.0,
    "pct1ResTime" : 0.9000000000000057,
    "pct2ResTime" : 1.0,
    "pct3ResTime" : 1.0,
    "throughput" : 0.4428894105141946,
    "receivedKBytesPerSec" : 0.13964856725275698,
    "sentKBytesPerSec" : 0.0
  },
  "Total" : {
    "transaction" : "Total",
    "sampleCount" : 2100,
    "errorCount" : 0,
    "errorPct" : 0.0,
    "meanResTime" : 54.238095238095276,
    "medianResTime" : 26.0,
    "minResTime" : 0.0,
    "maxResTime" : 1267.0,
    "pct1ResTime" : 105.0,
    "pct2ResTime" : 169.94999999999982,
    "pct3ResTime" : 607.5099999999893,
    "throughput" : 8.509052010567432,
    "receivedKBytesPerSec" : 97.31440010170344,
    "sentKBytesPerSec" : 6.600553632858717
  },
  "Go to the contact list" : {
    "transaction" : "Go to the contact list",
    "sampleCount" : 100,